titulo,video_url,download_url,tags,data
Naruto Edit 01,https://drive.google.com/file/d/1A2B3C4D5E/view,https://drive.google.com/uc?export=download&id=1A2B3C4D5E,naruto;edit;anime,2025-01-01
Sasuke Motion 02,https://drive.google.com/file/d/2B3C4D5E6F/view,https://drive.google.com/uc?export=download&id=2B3C4D5E6F,sasuke;motion;anime,2025-01-02
Attack on Titan Clip,https://drive.google.com/file/d/3C4D5E6F7G/view,https://drive.google.com/uc?export=download&id=3C4D5E6F7G,aot;clip;anime,2025-01-03
Jujutsu Kaisen Edit,https://drive.google.com/file/d/4D5E6F7G8H/view,https://drive.google.com/uc?export=download&id=4D5E6F7G8H,jujutsu;edit;anime,2025-01-04
Demon Slayer AMV,https://drive.google.com/file/d/5E6F7G8H9I/view,https://drive.google.com/uc?export=download&id=5E6F7G8H9I,demonslayer;amv;anime,2025-01-05
One Piece Short,https://drive.google.com/file/d/6F7G8H9I0J/view,https://drive.google.com/uc?export=download&id=6F7G8H9I0J,onepiece;short;anime,2025-01-06
Bleach Scene,https://drive.google.com/file/d/7G8H9I0J1K/view,https://drive.google.com/uc?export=download&id=7G8H9I0J1K,bleach;scene;anime,2025-01-07
Chainsaw Man Cut,https://drive.google.com/file/d/8H9I0J1K2L/view,https://drive.google.com/uc?export=download&id=8H9I0J1K2L,chainsaw;cut;anime,2025-01-08
Tokyo Ghoul Edit,https://drive.google.com/file/d/9I0J1K2L3M/view,https://drive.google.com/uc?export=download&id=9I0J1K2L3M,tokyoghoul;edit;anime,2025-01-09
Dragon Ball Clip,https://drive.google.com/file/d/0J1K2L3M4N/view,https://drive.google.com/uc?export=download&id=0J1K2L3M4N,dragonball;clip;anime,2025-01-10